"ID","unit","department","planDaily","actualdaily","altrejdaily","planMTD","actualMTD","altrejMTD","finalrej","MonthOpnBal","MTDBal","MonthClsBal"
3,"0446",SEWING,8950,9585,794,185069,183856,14426,,,,
4,"0446",MIN PROD.,225436,244779,,5005822,4746710,,,,,
5,"0446",WASHING,,9574,,,163555,,,97856,20301,118157
6,"0446",FINISHING,,7432,414,,166829,7615,,123990,17027,141017
7,"0446",PACKING,,7410,,,168796,,73,129275,15060,144262
8,"0446",EX-Factory,,,,,146843,,,212674,37013,249614
9,"192W",SEWING,5905,5754,281,120810,107685,7023,,,,
10,"192W",MIN PROD.,153541,127711,,3577067,3041126,,,,,
11,"192W",WASHING,,7762,,,111982,,,-12323,-4297,-16620
12,"192W",FINISHING,,3413,321,,101305,9619,,40687,6380,47067
13,"192W",PACKING,,3284,,,102669,,,48285,5016,53301
14,"192W",EX-Factory,,17265,,,142296,,,-64761,-34611,-99372
15,W274,SEWING,6500,3869,258,145902,137155,9019,,,,
16,W274,MIN PROD.,169306,95339,,3677238,3452543,,,,,
17,W274,WASHING,,6412,,,132869,,,57277,4286,61563
18,W274,FINISHING,5500,5031,235,139325,127901,5517,,81045,9254,90299
19,W274,PACKING,,5128,,,131717,,,94166,5438,99604
20,W274,EX-Factory,,13929,,,144222,,,199449,-7067,192382
21,GGB,SEWING,4280,3163,96,115060,49431,1529,,,,
22,GGB,MIN PROD.,95808,54873,,2332757,831632,,,,,
23,GGB,WASHING,,2241,,,47453,,,10574,1978,12552
24,GGB,FINISHING,,1977,10,,82543,811,,48722,-33112,15610
25,GGB,PACKING,,1486,,,93854,,,60428,-44423,16005
26,GGB,EX-Factory,,,,,130061,,,183658,-80630,103028
27,PGL1,SEWING,9875,9464,407,213585,202260,8864,,,,
28,PGL1,MIN PROD.,252847,245918,,5561648,5250030,,,,,
29,PGL1,WASHING,8590,9001,,215420,195683,,,25116,6577,31693
30,PGL1,FINISHING,9500,6686,229,203185,167638,7771,,78501,34622,113123
31,PGL1,PACKING,9500,6423,,203835,147254,,5045,88488,55006,138449
32,PGL1,EX-Factory,,5604,,,69334,,,181364,132926,309245
33,BGL,SEWING,1400,6747,438,123157,154219,9252,,,,
34,BGL,MIN PROD.,27052,124457,,1927295,2482428,,,,,
35,BGL,WASHING,,6542,,,151913,,,1234,2306,3540
36,BGL,FINISHING,,7850,358,,176405,5384,,52820,-22186,30634
37,BGL,PACKING,,7164,,,182181,,1714,64650,-27962,34974
38,BGL,EX-Factory,,17928,,,17928,,,847963,136291,982540
39,WCR,SEWING,19910,21281,997,418397,409176,22001,,,,
40,WCR,MIN PROD.,309934,271305,,6389917,5393802,,,,,
41,WCR,WASHING,,19733,,,374964,,,14241,34212,48453
42,WCR,FINISHING,,17471,751,,375107,20538,,137820,34069,171889
43,WCR,PACKING,,15103,,,400691,,1135,187063,8485,194413
44,WCR,EX-Factory,,,,,394512,,,403370,14664,416899
