"plantcode","physicalplant","line","styleno","styledesc","orderqty","smv","rdays","oprpresent","prd_date","dailyplanqty","dailyprodqty","dailydiffqty","dailyactualprodmin","dailyplaneffpct","dailyactualeffpct","dailysamopr","mtdplanqty","mtdprodqty","mtddiffqty","mtdplannedmin","mtdactualprodmin","mtdplanavlmin","slabeffpct","mtdplaneffpct","mtdactualeffpct","mtdsamopr"
"4000",WCR,L-1 FF,FD30EA7S27 T,W's double gauze short sleeve room wear,284046,7.50,19,,2026-09-27,,421,421,3158.00,,,,7792,13186,5394,10560.00,103095.00,190080.00,72.00,33.61,69.06,331.49
"4000",WCR,L-1 SF,FD304A7S27 B,W's Cheeze cloth gauze  L/S Pajamas,82126,9.02,28,,2026-10-17,,270,270,2435.00,,,,34262,12922,21340,10560.00,116556.00,158400.00,65.00,195.10,49.76,238.85
"4000",WCR,L-1 TF,"","",0,0.00,0,,2026-10-27,,,,,,,,18450,16064,2386,10560.00,273088.00,369600.00,,84.86,67.57,324.34
"4000",WCR,L-10 FF,FB30CA7S27 T,M's double gauze short sleeve room wear,211468,8.75,15,,2026-10-07,,450,450,3938.00,,,,11810,11377,433,10560.00,96606.00,167040.00,72.00,54.87,76.82,368.74
"4000",WCR,L-10 SF,"","",0,0.00,0,,2026-10-26,,,,,,,,,31,31,,412.00,,,,85.90,412.32
"4000",WCR,L-11 FF,CKTS_F073,"MENS SS T-SHIRT
-CREW NECK_F073",9240,8.20,4,,2026-10-08,,243,243,1993.00,,,,13200,13056,144,10560.00,108164.00,158400.00,48.00,62.50,87.00,417.60
"4000",WCR,L-12 FF,FB30CA7S27 T,M's double gauze short sleeve room wear,211468,8.75,24,,2026-10-09,,330,330,2888.00,,,,13300,7994,5306,10560.00,70776.00,158400.00,72.00,73.47,53.42,256.42
"4000",WCR,L-13 FF,"","",0,0.00,0,,2026-10-10,,,,,,,,9564,6780,2784,10560.00,93005.00,264000.00,,51.99,90.97,436.66
"4000",WCR,L-14 FF,"","",0,0.00,0,,2026-10-11,,,,,,,,11316,6592,4724,10560.00,63803.00,264000.00,,55.36,77.28,370.94
"4000",WCR,L-15 FF,CKTS_F073,"MENS SS T-SHIRT
-CREW NECK_F073",9240,8.20,4,,2026-10-12,,450,450,3690.00,,,,,13881,13881,,131830.00,,48.00,,91.24,437.95
"4000",WCR,L-16 FF,CKTS_F073,"MENS SS T-SHIRT
-CREW NECK_F073",9240,8.20,4,,2026-10-13,,700,700,5740.00,,,,13200,13078,122,10560.00,144501.00,264000.00,48.00,43.75,91.78,440.54
"4000",WCR,L-17 FF,PSBB_E632,BOYS SS POLO SHIRTS,7038,13.30,4,,2026-10-14,,550,550,7315.00,,,,9628,10849,1221,10560.00,153683.00,264000.00,48.00,58.45,93.62,449.38
"4000",WCR,L-18 FF,"","",0,0.00,0,,2026-10-15,,,,,,,,,1632,1632,,12240.00,,,,56.67,272.02
"4000",WCR,L-19 FF,"","",0,0.00,0,,2026-10-16,,,,,,,,,1915,1915,,14363.00,,,,59.84,287.23
"4000",WCR,L-2 FF,"","",0,0.00,0,,2026-09-28,,,,,,,,13200,9926,3274,10560.00,92795.00,211200.00,,54.69,64.44,309.31
"4000",WCR,L-2 SF,"","",0,0.00,0,,2026-10-18,,,,,,,,13343,11240,2103,10560.00,199898.00,422400.00,,56.54,47.43,227.66
"4000",WCR,L-2 TF,"","",0,0.00,0,,2026-10-28,,,,,,,,15100,14584,516,10560.00,244720.00,316800.00,,79.98,64.21,308.21
"4000",WCR,L-3 FF,PSBB_E632,BOYS SS POLO SHIRTS,7038,13.30,3,,2026-09-29,,300,300,3990.00,,,,6834,14104,7270,9120.00,201654.00,228000.00,48.00,47.81,99.08,475.58
"4000",WCR,L-3 SF,"","",0,0.00,0,,2026-10-19,,,,,,,,13250,9045,4205,10560.00,161888.00,422400.00,,56.15,39.87,191.38
"4000",WCR,L-3 TF,"","",0,0.00,0,,2026-10-29,,,,,,,,18450,14336,4114,10560.00,240555.00,369600.00,,84.86,61.57,295.54
"4000",WCR,L-4 FF,CKTS_E888,MENS SS T SHIRT,2250,7.50,4,,2026-09-30,,824,824,6180.00,,,,7638,13467,5829,10560.00,124429.00,190080.00,35.00,32.95,87.28,418.94
"4000",WCR,L-4 SF,"","",0,0.00,0,,2026-10-20,,,,,,,,7500,5245,2255,10560.00,86693.00,295680.00,,39.79,30.46,146.21
"4000",WCR,L-4 TF,"","",0,0.00,0,,2026-10-30,,,,,,,,17150,14258,2892,10560.00,242386.00,316800.00,,90.84,61.96,297.41
"4000",WCR,L-5 FF,FD30EA7S27 T,W's double gauze short sleeve room wear,284046,7.50,19,,2026-10-01,,451,451,3383.00,,,,11020,7829,3191,10560.00,68404.00,158400.00,72.00,52.18,63.34,304.03
"4000",WCR,L-5 SF,"","",0,0.00,0,,2026-10-21,,,,,,,,7500,10765,3265,10560.00,179614.00,295680.00,,39.79,65.88,316.22
"4000",WCR,L-5 TF,"","",0,0.00,0,,2026-10-31,,,,,,,,9800,6603,3197,10560.00,138191.00,844800.00,,66.91,36.58,175.58
"4000",WCR,L-6 FF,KPPA815OLIV E,MENS SS POLO,1500,14.35,2,,2026-10-02,,177,177,2540.00,,,,10294,10696,402,10560.00,153234.00,244800.00,35.00,56.45,93.62,449.38
"4000",WCR,L-6 SF,"","",0,0.00,0,,2026-10-22,,,,,,,,13200,11040,2160,10560.00,197612.00,422400.00,,55.94,47.48,227.90
"4000",WCR,L-7 FF,CKL_E979,"MENS SS
T-SHIRT_E979",6744,11.20,3,,2026-10-03,,509,509,5701.00,,,,13554,13566,12,10560.00,114145.00,172800.00,48.00,66.51,91.11,437.33
"4000",WCR,L-7 FF,CKTS_E915,"MENS SS
T-SHIRT_E915",3534,8.20,7,,2026-10-04,,1,1,8.00,,,,,,,,,,48.00,,,
"4000",WCR,L-7 SF,"","",0,0.00,0,,2026-10-23,,,,,,,,10432,6482,3950,10560.00,126073.00,460800.00,,43.70,26.32,126.34
"4000",WCR,L-8 FF,"","",0,0.00,0,,2026-10-05,,,,,,,,11200,8457,2743,10560.00,66600.00,158400.00,,53.03,54.84,263.23
"4000",WCR,L-8 SF,"","",0,0.00,0,,2026-10-24,,,,,,,,10200,6457,3743,10560.00,121631.00,460800.00,,42.82,26.48,127.10
"4000",WCR,L-9 FF,FD30EA7S27 T,W's double gauze short sleeve room wear,284046,7.50,29,,2026-10-06,,600,600,4500.00,,,,12700,12846,146,10560.00,97279.00,158400.00,72.00,60.13,66.67,320.02
"4000",WCR,L-9 SF,"","",0,0.00,0,,2026-10-25,,,,,,,,,15570,15570,,140441.00,,,,55.20,264.96
"4000","0446",LINE - 1,"","",0,0.00,0,0,2026-09-29,0,0,0,0.00,0.00,0.00,0.00,0,18,18,0.00,90.00,0.00,0.00,0.00,1.44,6.91
"4000","0446",LINE31,"","",0,0.00,0,0,2026-09-29,0,0,0,0.00,0.00,0.00,0.00,0,0,0,0.00,0.00,0.00,0.00,0.00,0.00,0.00
